target,mae,rmse,r2,spearman
PLD,0.33960217237472534,0.44235914945602417,0.9359046163666237,0.9610166050166051
LCD,0.4774419665336609,0.6301932334899902,0.9559783229944032,0.9688345288345288
