target,mae,rmse,r2,spearman
PLD,0.19551432132720947,0.25514334440231323,0.9786761518146591,0.9879822861741004
LCD,0.3611406683921814,0.5279566645622253,0.9678302679558426,0.981101829049742
