target,mae,rmse,r2,spearman
PLD,5.091480255126953,6.82314920425415,0.2823288545610013,0.6260792946647075
LCD,4.987387657165527,6.66505241394043,0.35026141476876793,0.6425896183044952
