target,mae,rmse,r2,spearman
PLD,0.2717951536178589,0.35153141617774963,0.9593717965769633,0.9763772418104868
LCD,0.4153934717178345,0.5650303959846497,0.9633962545779651,0.9774791873048654
