target,mae,rmse,r2,spearman
PLD,0.48404639959335327,0.6352460980415344,0.8678215333467787,0.9220016380016379
LCD,0.5874594449996948,0.7549915909767151,0.9368165503020601,0.960027732027732
