{
  "raw": {
    "mae": 0.797039661432743,
    "rmse": 0.8394494956535316,
    "bias": -0.797039661432743,
    "pearson": 0.9909408170637153,
    "spearman": 0.988297413557589,
    "r2": 0.8058344720383621
  },
  "calibrated": {
    "mae": 0.19565552606058023,
    "rmse": 0.25584810139981684,
    "bias": -1.4177548024463249e-15,
    "pearson": 0.9909408170637157,
    "spearman": 0.988297413557589,
    "r2": 0.9819637029229054
  },
  "linear_calibration": {
    "slope": 0.9678002812262415,
    "intercept": 0.9743987098642902
  }
}