{
  "num_samples": 200,
  "mae": 0.797039661432743,
  "rmse": 0.8394494956535316,
  "bias": -0.797039661432743,
  "pearson": 0.9909408170637152,
  "spearman": 0.9882974135575888,
  "true_pld_min": 0.3757,
  "true_pld_max": 8.98558,
  "proxy_pld_min": 0.0,
  "proxy_pld_max": 8.450150489807129
}